epoch,train_loss,valid_loss,train_onset_accuracy,valid_onset_accuracy,train_onset_precision,valid_onset_precision,train_onset_recall,valid_onset_recall,train_onset_f1,valid_onset_f1,train_frame_accuracy,valid_frame_accuracy,train_frame_precision,valid_frame_precision,train_frame_recall,valid_frame_recall,train_frame_f1,valid_frame_f1,checkpoint_path
1,0.7288564741611481,0.4251461625099182,0.9244315913627291,0.9858101977862457,0.000960379093841682,0.011273174119784153,0.19409796166717372,0.44608879492600423,0.0019113012426453847,0.02199062011464304,0.6930790691344584,0.7634465916651545,0.03088867417679202,0.04210403150566406,0.8664715086054611,0.8847049689440993,0.0596508662325659,0.08038257260679024,artifacts/run_v3/music_transcription_epoch_001.pt
2,0.3322295010089874,0.22875719889998436,0.9875145164217021,0.9860022379483457,0.020206104058291333,0.024260323822583196,0.6842105263157895,0.9725158562367865,0.039252988917008465,0.047339713903468146,0.7419440664126293,0.7228232928083228,0.037523911442345,0.03914430080713958,0.8912532175844142,0.9648680124223602,0.07201578454970559,0.07523629584971912,artifacts/run_v3/music_transcription_epoch_002.pt
3,0.20330560743808745,0.13879511877894402,0.9909761159499183,0.9935333877699147,0.03724733687607677,0.05160932297447281,0.9339823547307575,0.9830866807610994,0.07163775099464467,0.09807023093957609,0.7984828071130466,0.8647424847275147,0.05000050958529948,0.07752991961123892,0.9409377681320346,0.9703027950310559,0.0949551933810279,0.1435868467286767,artifacts/run_v3/music_transcription_epoch_003.pt
4,0.13528324902057648,0.11073878407478333,0.9945632598439484,0.99524965221073,0.06250979777394576,0.07001184132622854,0.9704898083358686,1.0,0.11745429775953166,0.1308618066122562,0.8938613681727454,0.9187314764410572,0.09258027671451899,0.12249066819803929,0.9597536970675818,0.9660326086956522,0.1688708434128684,0.21741377929538191,artifacts/run_v3/music_transcription_epoch_004.pt
5,0.10433053016662598,0.08826036937534809,0.996104949192524,0.996748926389645,0.0858491572434393,0.09859450388084749,0.9793124429571037,0.9936575052854123,0.1578598926023098,0.17938931297709923,0.9253728905824714,0.9341430774814008,0.1277419853245762,0.14669073049498507,0.9681118457578357,0.9623447204968945,0.2257025995359148,0.2545762624836333,artifacts/run_v3/music_transcription_epoch_005.pt
6,0.08936481267213821,0.08517072536051273,0.9967220105244058,0.9969402104881147,0.10106830286230417,0.10359361135758652,0.9872223912382111,0.9873150105708245,0.18336441204723966,0.18751254768118852,0.9350522818000363,0.9400146676344281,0.14479999760009118,0.15921433067673826,0.9744814011002877,0.9655150103519669,0.2521348156138305,0.2733525667445162,artifacts/run_v3/music_transcription_epoch_006.pt
7,0.08506412893533706,0.07313287258148193,0.9969531391761931,0.997094447468699,0.10755301088512366,0.10923005565862709,0.9829631883176149,0.9957716701902748,0.19389102256361015,0.19686520376175548,0.9419331790963528,0.94361806689651,0.1591968849912766,0.16938649963648567,0.9735830010599101,0.9798136645962733,0.2736478338955832,0.28883951135312463,artifacts/run_v3/music_transcription_epoch_007.pt
8,0.07067157715559005,0.06002037040889263,0.9973358963890401,0.9979306538438275,0.12170461354104255,0.14735202492211838,0.9887435351384241,1.0,0.21673168617251845,0.2568558240564757,0.9495236799129014,0.9587869715115224,0.17997428806614812,0.21733591963174198,0.9821329430172109,0.9714026915113871,0.3042037300483062,0.3552012112895976,artifacts/run_v3/music_transcription_epoch_008.pt
9,0.0624311625957489,0.054409692995250225,0.9977501814552713,0.9981204258150366,0.1412718366639213,0.15939086294416244,0.9914815941588074,0.9957716701902748,0.24730611625436333,0.2747957992998833,0.9562668980221375,0.9634087884836388,0.20213217133876077,0.23919687109084287,0.9814566193913087,0.9773550724637681,0.33522446158010055,0.3843325827831419,artifacts/run_v3/music_transcription_epoch_009.pt
10,0.05303241312503815,0.04651506990194321,0.9978965931772819,0.9981877154781347,0.14980723333945292,0.16457461645746166,0.9930027380590204,0.9978858350951374,0.26033898305084746,0.2825501346902125,0.9627852250045363,0.9680555555555556,0.23031263391364543,0.2649520167020474,0.9874022106697623,0.9770962732919255,0.37350485605570294,0.4168656407425298,artifacts/run_v3/music_transcription_epoch_010.pt
11,0.046211555898189545,0.04349423572421074,0.9981633324260569,0.9984152906308595,0.16810655147588194,0.18362573099415205,0.9945238819592334,0.9957716701902748,0.28759952491972024,0.31007241606319946,0.9682445336599528,0.9725904252101857,0.26003405691005155,0.2964391284771842,0.9896229748145158,0.9797489648033126,0.41185008433438847,0.4551616345301252,artifacts/run_v3/music_transcription_epoch_011.pt
12,0.04064757645130158,0.03358051739633083,0.9983916258392306,0.9985816246295288,0.18758960830418075,0.20110779718789945,0.9951323395193186,0.9978858350951374,0.3156726500675545,0.3347517730496454,0.9725805207766286,0.9792853686566262,0.28958736955092196,0.3592010941331824,0.9913087366880331,0.9855719461697723,0.4482338389071208,0.5265104382690446,artifacts/run_v3/music_transcription_epoch_012.pt
13,0.035206141248345375,0.032207585871219635,0.9984811059698784,0.9986458900381056,0.1966986794717887,0.20866489832007074,0.9969577121995741,0.9978858350951374,0.32857071238782776,0.34515539305301646,0.9768003765196879,0.9810999213693824,0.3254467240238253,0.38082629764700004,0.9927825165295513,0.9864130434782609,0.4901997433117765,0.5495044152099476,artifacts/run_v3/music_transcription_epoch_013.pt
14,0.030992256924510003,0.02644866146147251,0.9986456632190165,0.9988401983910966,0.2153522331118858,0.23541147132169576,0.9960450258594463,0.9978858350951374,0.3541373715521903,0.380952380952381,0.979840432770822,0.9853860460896389,0.3572905256896639,0.44366873200104723,0.9943976177257356,0.9868012422360248,0.5256964771238516,0.6121244958160255,artifacts/run_v3/music_transcription_epoch_014.pt
15,0.027661774903535843,0.02399440435692668,0.9988250771184903,0.9989505836811226,0.24066876879078977,0.2538999462076385,0.998478856099787,0.9978858350951374,0.38785157173245094,0.4048027444253859,0.9820888904010161,0.9868588580414928,0.3850189460525802,0.47031611410948343,0.9949124312320193,0.9866718426501035,0.5551872245145119,0.6369958856331323,artifacts/run_v3/music_transcription_epoch_015.pt
16,0.02509610779583454,0.023894278332591057,0.9989154645254945,0.9990314824895663,0.2554932211313698,0.2694063926940639,0.9975661697596593,0.9978858350951374,0.4067985856956765,0.4242696629213483,0.9841249319542733,0.9876315550716749,0.4141007822570825,0.4856278847684227,0.9955180941805885,0.9870600414078675,0.584902527118634,0.6509782168078343,artifacts/run_v3/music_transcription_epoch_016.pt
17,0.023753755986690522,0.02205907879397273,0.9989273725276719,0.9991388435250711,0.2576769025367156,0.292910447761194,0.9981746273197445,0.9957716701902748,0.4096129837702871,0.45266698702546854,0.9849960306659409,0.9885955362003266,0.4278913749110413,0.5061720201752057,0.99535658406097,0.9869306418219461,0.5984965509288062,0.6691524828917353,artifacts/run_v3/music_transcription_epoch_017.pt
18,0.021996709629893304,0.020895248278975487,0.9990065323897659,0.9992477166878364,0.27258372808111025,0.32172131147540983,0.9978703985397018,0.9957716701902748,0.42819843342036545,0.4863190500774393,0.9864189802213754,0.9902218290691345,0.45258124704879177,0.5450712780020722,0.9965376268106798,0.9870600414078675,0.6224668659125587,0.7023132696512833,artifacts/run_v3/music_transcription_epoch_018.pt
19,0.020313012674450875,0.020098338602110744,0.999065391943386,0.9992855198693522,0.28483321751216123,0.3330975954738331,0.9975661697596593,0.9957716701902748,0.44313804986823435,0.4992050874403816,0.9876546906187624,0.9904282344402104,0.4763916417104305,0.5504656703487113,0.9971836672891536,0.9866071428571429,0.644758311903612,0.7066592520506049,artifacts/run_v3/music_transcription_epoch_019.pt
20,0.018811889104545117,0.019619168248027563,0.9991399020141535,0.9993142502873041,0.30218211951017404,0.342296511627907,0.998478856099787,0.9957716701902748,0.4639525021204411,0.5094645754461872,0.9886340954454726,0.9910391338535051,0.49709362308191707,0.5669838673704557,0.9970524403169636,0.9868659420289855,0.6634269862912489,0.7201945323197506,artifacts/run_v3/music_transcription_epoch_020.pt
